Pattern_Standard,Alias
ROADIAN HTX RH5,ROADIAN HTX RH5
ROADIAN HTX RH5,HTX RH5
ROADIAN HTX RH5,ROADIAN HTX
ROADIAN HTX2,ROADIAN HTX2
ROADIAN HTX2,HTX2
ROADIAN CT8 HL,ROADIAN CT8 HL
ROADIAN CT8 HL,ROADIAN CT8
ROADIAN CT8 HL,RODIAN CT8
ROADIAN CT8 HL,CT8 HL
ROADIAN ATX,ROADIAN ATX
ROADIAN AT PRO RA8,ROADIAN AT PRO RA8
ROADIAN AT PRO RA8,ROADIAN AT PRO
ROADIAN AT PRO RA8,RODIAN AT PRO
ROADIAN AT PRO RA8,AT PRO RA8
ROADIAN GTX,ROADIAN GTX
ROADIAN GTX,RODIAN GTX
ROADIAN HP,ROADIAN HP
ROADIAN HP,RODIAN HP
ROADIAN HT,ROADIAN HT
ROADIAN HT,RODIAN HT
N'PRIZ AH5,N PRIZ AH5
N'PRIZ AH5,N'PRIZ AH5
N'PRIZ AH5,NPRIZ AH5
N'PRIZ AH8,N PRIZ AH8
N'PRIZ AH8,N'PRIZ AH8
N'PRIZ AH8,NPRIZ AH8
N'PRIZ,N PRIZ
N'PRIZ,N'PRIZ
N'FERA AU7,N FERA AU7
N'FERA AU7,N'FERA AU7
N'FERA SU1,N FERA SU1
N'FERA SU1,N'FERA SU1
N'FERA SUR4G,N FERA SUR4G
N'FERA SUR4G,N'FERA SUR4G
N5000,N5000
N2000,N2000
SEPTOR 4XS,SEPTOR 4XS
ARIA AH7,ARIA AH7
ARIA AH8,ARIA AH8
CP671,CP671
CP643,CP643
CP662,CP662
WINGUARD SPORT 2,WINGUARD SPORT 2
WINGUARD ICE PLUS,WINGUARD ICE PLUS
WINGUARD WINSPIKE 3,WINGUARD WINSPIKE 3
WINGUARD WINSPIKE 3,WINGUARD WINSPIKE3
N'BLUE 4SEASON 2,N BLUE 4SEASON 2
N'BLUE 4SEASON 2,N'BLUE 4SEASON 2
